drop database if exists coopmar;
create database coopmar;
use coopmar;
--
-- Table structure for table `families`
--

DROP TABLE IF EXISTS `families`;
/*!40101 SET @saved_cs_client     = @@character_set_client */;
/*!40101 SET character_set_client = utf8 */;
CREATE TABLE `families` (
  `fam` char(3) NOT NULL DEFAULT '',
  `des` varchar(50) DEFAULT NULL,
  PRIMARY KEY (`fam`)
) ENGINE=InnoDB DEFAULT CHARSET=latin1;
/*!40101 SET character_set_client = @saved_cs_client */;

--
-- Dumping data for table `families`
--

LOCK TABLES `families` WRITE;
/*!40000 ALTER TABLE `families` DISABLE KEYS */;
INSERT INTO `families` VALUES ('alt','Altres'),('exo','Fruita exòtica'),('gra','Fruita gran'),('men','Fruita menuda'),('ver','Verdura');
/*!40000 ALTER TABLE `families` ENABLE KEYS */;
UNLOCK TABLES;

--
-- Table structure for table `articles`
--

DROP TABLE IF EXISTS `articles`;
/*!40101 SET @saved_cs_client     = @@character_set_client */;
/*!40101 SET character_set_client = utf8 */;
CREATE TABLE `articles` (
  `art` char(3) NOT NULL DEFAULT '',
  `des` varchar(50) DEFAULT NULL,
  `preu` dec(4,2) NOT NULL,
  `fam` char(3) DEFAULT NULL,
  PRIMARY KEY (`art`),
  KEY `fam` (`fam`),
  CONSTRAINT `articles_ibfk_1` FOREIGN KEY (`fam`) REFERENCES `families` (`fam`)
) ENGINE=InnoDB DEFAULT CHARSET=latin1;
/*!40101 SET character_set_client = @saved_cs_client */;

--
-- Dumping data for table `articles`
--

LOCK TABLES `articles` WRITE;
/*!40000 ALTER TABLE `articles` DISABLE KEYS */;
INSERT INTO `articles` VALUES ('caq','Caquis',2.50,'exo'),('car','Carlotes',0.90,'ver'),('ceb','Cebes',1.30,'ver'),('kiw','Kiwis',3.50,'exo'),('mea','Meló d\'Alger',1.50,'gra'),('mel','Meló de tot l\'any',1.50,'gra'),('per','Peres',1.80,'men'),('pom','Pomes',2.20,'men'),('tar','Taronges',2.40,'men'),('tom','Tomaques',3.30,'men'), ('lli','Llimes',1.10,'men') ;
/*!40000 ALTER TABLE `articles` ENABLE KEYS */;
UNLOCK TABLES;

--
-- Table structure for table `poblacions`
--

DROP TABLE IF EXISTS `poblacions`;
/*!40101 SET @saved_cs_client     = @@character_set_client */;
/*!40101 SET character_set_client = utf8 */;
CREATE TABLE `poblacions` (
  `pob` int(11) NOT NULL DEFAULT '0',
  `nom` varchar(30) DEFAULT NULL,
  PRIMARY KEY (`pob`)
) ENGINE=InnoDB DEFAULT CHARSET=latin1;
/*!40101 SET character_set_client = @saved_cs_client */;

--
-- Dumping data for table `poblacions`
--

LOCK TABLES `poblacions` WRITE;
/*!40000 ALTER TABLE `poblacions` DISABLE KEYS */;
INSERT INTO `poblacions` VALUES (46400,'Cullera'),(46410,'Sueca'),(46417,'Riola'),(46430,'Sollana'),(46700,'Gandia'),(46750,'Simat'),(46760,'Tavernes de la Valldigna'),(46770,'Xeraco'),(46790,'Xeresa'),(46791,'Benifairó');
/*!40000 ALTER TABLE `poblacions` ENABLE KEYS */;
UNLOCK TABLES;

--
-- Table structure for table `clients`
--

DROP TABLE IF EXISTS `clients`;
/*!40101 SET @saved_cs_client     = @@character_set_client */;
/*!40101 SET character_set_client = utf8 */;
CREATE TABLE `clients` (
  `cli` int(11) NOT NULL,
  `dni` char(9) DEFAULT NULL,
  `nom` varchar(20) NOT NULL,
  `pob` int(11) DEFAULT NULL,
  `dte` dec(6,2) NOT NULL,
  PRIMARY KEY (`cli`),
  KEY `pob` (`pob`),
  CONSTRAINT `clients_ibfk_1` FOREIGN KEY (`pob`) REFERENCES `poblacions` (`pob`) ON UPDATE CASCADE
) ENGINE=InnoDB DEFAULT CHARSET=latin1;
/*!40101 SET character_set_client = @saved_cs_client */;

--
-- Dumping data for table `clients`
--

LOCK TABLES `clients` WRITE;
/*!40000 ALTER TABLE `clients` DISABLE KEYS */;
INSERT INTO `clients` VALUES (1,'11111111M','Mercadona',46410,20.00),(2,'22222222A','Aldi',46791,5.00),(3,'33333333L','Lidl',46700,5.00),(4,'44444444E','Eroski',46750,10.00),(5,'55555555C','Consum',46410,15.00),(6,'66666666D','Dia',46410,10.00),(7,'77777777M','Más y más',46410,5.00),(8,'88888888C','Caprabo',46770,0.00),(9,'99999999C','Charter',46750,0.00),(10,'00000000A','Alcampo',46770,0.00);
/*!40000 ALTER TABLE `clients` ENABLE KEYS */;
UNLOCK TABLES;

--
-- Table structure for table `capfac`
--

DROP TABLE IF EXISTS `capfac`;
/*!40101 SET @saved_cs_client     = @@character_set_client */;
/*!40101 SET character_set_client = utf8 */;
CREATE TABLE `capfac` (
  `exer` int(10) NOT NULL DEFAULT '0',
  `num` int(10) NOT NULL DEFAULT '0',
  `cli` int(11) NOT NULL,
  `data` date NOT NULL,
  `cobrat` dec(6,2) NOT NULL,
  PRIMARY KEY (`exer`,`num`),
  KEY `cli` (`cli`),
  CONSTRAINT `capfac_ibfk_1` FOREIGN KEY (`cli`) REFERENCES `clients` (`cli`)
) ENGINE=InnoDB DEFAULT CHARSET=latin1;
/*!40101 SET character_set_client = @saved_cs_client */;

--
-- Dumping data for table `capfac`
--

LOCK TABLES `capfac` WRITE;
/*!40000 ALTER TABLE `capfac` DISABLE KEYS */;
INSERT INTO `capfac` VALUES (2006,1,10,'2006-02-22',109.99),(2006,2,1,'2006-04-10',762.41),(2006,3,7,'2006-09-10',36.78),(2007,1,6,'2007-01-03',276.10),(2007,2,2,'2007-01-10',135.66),(2007,3,3,'2007-02-03',411.39),(2007,4,5,'2007-04-04',362.82),(2007,5,1,'2007-05-01',211.92),(2007,6,2,'2007-05-01',479.03),(2007,7,1,'2007-05-16',450.66),(2007,8,7,'2007-05-17',397.87),(2007,9,4,'2007-06-28',427.75),(2007,10,3,'2007-07-07',515.10),(2007,11,8,'2007-07-09',648.97),(2007,12,7,'2007-07-11',476.75),(2007,13,4,'2007-09-02',440.88),(2007,14,4,'2007-11-07',242.34),(2007,15,10,'2007-11-23',304.56),(2007,16,6,'2007-12-14',240.74),(2007,17,2,'2007-12-25',312.45),(2008,1,5,'2008-01-12',998.46),(2008,2,7,'2008-03-05',132.75),(2008,3,3,'2008-03-09',166.27),(2008,4,8,'2008-04-06',402.26),(2008,5,7,'2008-05-12',468.10),(2008,6,5,'2008-07-10',317.64),(2008,7,6,'2008-07-14',282.11),(2008,8,2,'2008-07-15',228.22),(2008,9,3,'2008-08-27',32.67),(2008,10,5,'2008-09-02',289.73),(2008,11,5,'2008-09-03',177.97),(2008,12,9,'2008-09-05',638.12),(2008,13,1,'2008-10-21',448.66),(2008,14,6,'2008-12-09',616.49),(2008,15,6,'2008-12-25',147.25),(2009,1,4,'2009-02-06',188.24),(2009,2,8,'2009-03-26',563.36),(2009,3,2,'2009-08-23',183.94),(2009,4,1,'2009-11-04',590.81),(2010,1,5,'2010-02-23',335.48),(2010,2,3,'2010-03-18',75.87),(2010,3,2,'2010-03-19',15.97),(2010,4,10,'2010-03-28',266.55),(2010,5,2,'2010-07-24',617.85),(2010,6,9,'2010-07-27',247.69),(2010,7,7,'2010-08-26',294.57),(2010,8,7,'2010-09-25',116.84),(2010,9,3,'2010-10-14',473.63),(2010,10,8,'2010-10-16',153.16),(2010,11,10,'2010-10-23',890.34),(2010,12,10,'2010-11-11',572.86),(2010,13,9,'2010-12-03',61.08),(2011,1,8,'2011-02-01',447.43),(2011,2,8,'2011-03-15',351.95),(2011,3,4,'2011-03-15',288.51),(2011,4,1,'2011-04-19',342.62),(2011,5,4,'2011-05-18',115.77),(2011,6,10,'2011-07-10',486.37),(2011,7,8,'2011-07-21',418.09),(2011,8,7,'2011-07-23',216.88),(2011,9,10,'2011-10-08',213.56),(2011,10,7,'2011-10-09',393.17),(2011,11,4,'2011-10-15',63.69),(2011,12,6,'2011-12-19',787.75),(2012,1,6,'2012-04-03',506.39),(2012,2,5,'2012-11-23',407.81),(2013,1,8,'2013-01-17',108.90),(2013,2,4,'2013-02-06',481.62),(2013,3,4,'2013-03-24',306.86),(2013,4,10,'2013-04-16',302.08),(2013,5,3,'2013-06-12',242.22),(2013,6,2,'2013-06-28',360.24),(2013,7,7,'2013-09-27',502.86),(2013,8,9,'2013-10-26',383.22),(2013,9,5,'2013-11-08',468.00),(2013,10,6,'2013-11-15',89.96),(2013,11,9,'2013-11-20',280.56),(2013,12,9,'2013-11-25',523.78),(2014,1,6,'2014-01-11',338.19),(2014,2,6,'2014-01-11',355.24),(2014,3,1,'2014-01-15',415.48),(2014,4,9,'2014-05-16',339.02),(2014,5,5,'2014-05-19',448.66),(2014,6,10,'2014-05-20',179.38),(2014,7,2,'2014-07-18',467.93),(2014,8,10,'2014-08-02',584.16),(2014,9,8,'2014-08-07',469.26),(2014,10,7,'2014-09-21',53.91),(2014,11,9,'2014-11-12',35.86),(2014,12,6,'2014-12-16',643.87),(2015,1,9,'2015-02-06',359.85),(2015,2,6,'2015-02-12',166.51),(2015,3,6,'2015-02-26',118.97),(2015,4,1,'2015-02-27',617.86),(2015,5,9,'2015-03-09',205.60),(2015,6,8,'2015-04-08',410.94),(2015,7,5,'2015-07-01',86.44),(2015,8,8,'2015-09-13',299.15),(2015,9,3,'2015-10-24',289.72),(2015,10,2,'2015-11-21',390.02),(2016,1,4,'2016-03-06',112.17),(2016,2,6,'2016-04-04',267.37),(2016,3,8,'2016-04-08',493.77),(2016,4,5,'2016-05-14',643.11),(2016,5,9,'2016-07-13',170.37),(2016,6,5,'2016-08-14',4.46),(2016,7,3,'2016-08-23',540.80),(2016,8,2,'2016-09-01',321.12),(2016,9,2,'2016-09-07',77.10),(2016,10,4,'2016-10-10',721.66),(2016,11,5,'2016-10-15',315.80),(2016,12,8,'2016-10-16',304.70),(2016,13,6,'2016-11-17',402.25),(2016,14,2,'2016-11-18',116.45),(2016,15,8,'2016-11-26',214.01),(2016,16,2,'2016-12-17',757.59),(2017,1,10,'2017-01-07',59.39),(2017,2,1,'2017-01-09',211.22),(2017,3,9,'2017-01-10',371.88),(2017,4,4,'2017-03-14',97.48),(2017,5,8,'2017-03-23',171.45),(2017,6,3,'2017-06-13',19.13),(2017,7,3,'2017-07-05',539.54),(2017,8,7,'2017-08-01',550.96),(2017,9,5,'2017-10-05',68.99),(2017,10,8,'2017-10-22',178.55),(2017,11,8,'2017-10-23',314.61),(2017,12,2,'2017-11-21',260.83),(2017,13,4,'2017-12-20',140.81),(2017,14,3,'2017-12-28',106.87),(2017,15,6,'2017-12-28',46.15),(2018,1,6,'2018-01-21',390.72),(2018,2,3,'2018-02-13',16.09),(2018,3,1,'2018-03-04',127.30),(2018,4,8,'2018-03-27',342.27),(2018,5,10,'2018-07-20',256.53),(2018,6,3,'2018-08-05',510.43),(2018,7,8,'2018-08-14',74.48),(2018,8,6,'2018-08-14',147.35),(2018,9,3,'2018-09-09',307.15),(2018,10,6,'2018-09-12',147.08),(2018,11,1,'2018-09-18',457.85),(2018,12,5,'2018-10-20',99.80),(2018,13,7,'2018-11-22',230.60),(2019,1,2,'2019-03-18',52.65),(2019,2,10,'2019-05-17',100.00),(2019,3,6,'2019-07-07',200.55),(2019,4,3,'2019-09-20',0.00),(2019,5,6,'2019-10-19',87.59),(2019,6,10,'2019-12-17',66.65),(2020,1,10,'2020-02-02',61.71),(2020,2,10,'2020-02-23',234.49),(2020,3,8,'2020-02-26',595.82),(2020,4,10,'2020-03-12',214.31),(2020,5,8,'2020-04-05',29.75),(2020,6,9,'2020-05-26',76.89),(2020,7,5,'2020-06-03',285.14),(2020,8,2,'2020-06-04',888.83),(2020,9,2,'2020-06-24',211.01),(2020,10,6,'2020-07-07',488.69),(2020,11,5,'2020-07-27',575.47),(2020,12,8,'2020-08-08',84.32),(2020,13,9,'2020-09-03',31.96),(2020,14,5,'2020-09-25',100.00),(2020,15,4,'2020-10-14',265.67),(2020,16,4,'2020-11-08',200.00),(2020,17,3,'2020-12-10',0.00),(2020,18,10,'2020-12-26',0.00);
/*!40000 ALTER TABLE `capfac` ENABLE KEYS */;
UNLOCK TABLES;

--
-- Table structure for table `detfac`
--

DROP TABLE IF EXISTS `detfac`;
/*!40101 SET @saved_cs_client     = @@character_set_client */;
/*!40101 SET character_set_client = utf8 */;
CREATE TABLE `detfac` (
  `exer` int(10) NOT NULL DEFAULT '0',
  `num` int(10) NOT NULL DEFAULT '0',
  `lin` int(11) NOT NULL DEFAULT '0',
  `art` char(3) DEFAULT NULL,
  `quant` int(10) DEFAULT NULL,
  `preu` dec(6,2) DEFAULT NULL,
  `dte` dec(6,2) DEFAULT NULL,
  PRIMARY KEY (`exer`,`num`,`lin`),
  KEY `art` (`art`),
  CONSTRAINT `detfac_ibfk_1` FOREIGN KEY (`art`) REFERENCES `articles` (`art`) ON UPDATE CASCADE,
  CONSTRAINT `detfac_ibfk_2` FOREIGN KEY (`exer`, `num`) REFERENCES `capfac` (`exer`, `num`) ON DELETE CASCADE ON UPDATE CASCADE
) ENGINE=InnoDB DEFAULT CHARSET=latin1;
/*!40101 SET character_set_client = @saved_cs_client */;

--
-- Dumping data for table `detfac`
--

LOCK TABLES `detfac` WRITE;
/*!40000 ALTER TABLE `detfac` DISABLE KEYS */;
INSERT INTO `detfac` (`exer`, `num`, `lin`, `art`, `quant`, `preu`, `dte`)
VALUES
	(2006,1,1,'caq',40,0.75,15.00),
	(2006,1,2,'mel',30,0.66,0.00),
	(2006,1,3,'per',60,0.76,0.00),
	(2006,2,1,'tar',60,0.96,5.00),
	(2006,2,2,'mea',40,0.75,5.00),
	(2006,2,3,'caq',30,1.00,10.00),
	(2006,2,4,'pom',100,1.14,0.00),
	(2006,2,5,'mel',80,0.76,15.00),
	(2006,2,6,'caq',90,0.95,0.00),
	(2006,2,7,'per',70,0.70,0.00),
	(2006,2,8,'kiw',70,1.86,10.00),
	(2006,2,9,'tar',90,1.34,15.00),
	(2006,3,1,'ceb',50,0.64,5.00),
	(2007,1,1,'caq',70,1.32,15.00),
	(2007,1,2,'ceb',100,0.68,10.00),
	(2007,1,3,'tom',30,1.39,0.00),
	(2007,1,4,'mel',60,0.82,5.00),
	(2007,2,1,'mel',90,0.57,15.00),
	(2007,2,2,'pom',20,1.23,15.00),
	(2007,2,3,'mea',70,0.68,0.00),
	(2007,3,1,'car',80,0.52,10.00),
	(2007,3,2,'mel',10,0.81,10.00),
	(2007,3,3,'kiw',90,1.29,5.00),
	(2007,3,4,'tar',30,1.22,5.00),
	(2007,3,5,'pom',60,1.25,15.00),
	(2007,3,6,'ceb',40,0.55,0.00),
	(2007,3,7,'mel',10,0.57,15.00),
	(2007,3,8,'tar',40,0.86,0.00),
	(2007,3,9,'mea',50,0.56,10.00),
	(2007,4,1,'caq',90,1.38,5.00),
	(2007,4,2,'kiw',40,2.06,10.00),
	(2007,4,3,'car',30,0.40,5.00),
	(2007,4,4,'ceb',30,0.52,10.00),
	(2007,4,5,'mel',40,0.62,10.00),
	(2007,4,6,'tar',10,1.34,10.00),
	(2007,4,7,'car',40,0.34,10.00),
	(2007,4,8,'ceb',60,0.66,10.00),
	(2007,5,1,'tar',90,1.08,5.00),
	(2007,5,2,'ceb',20,0.75,10.00),
	(2007,5,3,'tar',100,0.77,10.00),
	(2007,6,1,'car',100,0.53,5.00),
	(2007,6,2,'caq',40,1.00,0.00),
	(2007,6,3,'tom',70,1.81,15.00),
	(2007,6,4,'kiw',80,1.29,0.00),
	(2007,6,5,'car',100,0.42,0.00),
	(2007,6,6,'per',90,0.65,10.00),
	(2007,7,1,'caq',50,1.23,15.00),
	(2007,7,2,'per',50,0.56,0.00),
	(2007,7,3,'caq',90,1.02,0.00),
	(2007,7,4,'per',70,0.92,5.00),
	(2007,7,5,'pom',40,0.97,5.00),
	(2007,7,6,'mel',90,0.56,5.00),
	(2007,7,7,'per',20,0.92,5.00),
	(2007,7,8,'mel',50,0.87,15.00),
	(2007,8,1,'mel',80,0.74,10.00),
	(2007,8,2,'tar',40,1.42,5.00),
	(2007,8,3,'kiw',90,1.96,0.00),
	(2007,8,4,'tar',10,1.10,10.00),
	(2007,8,5,'per',70,0.56,10.00),
	(2007,9,1,'caq',80,0.95,15.00),
	(2007,9,2,'caq',50,1.38,0.00),
	(2007,9,3,'pom',30,0.86,0.00),
	(2007,9,4,'mea',80,0.46,15.00),
	(2007,9,5,'tar',80,0.94,15.00),
	(2007,9,6,'ceb',40,0.56,15.00),
	(2007,9,7,'tar',50,0.91,15.00),
	(2007,9,8,'tar',20,0.74,15.00),
	(2007,9,9,'ceb',60,0.53,10.00),
	(2007,10,1,'ceb',30,0.61,10.00),
	(2007,10,2,'tom',60,1.95,0.00),
	(2007,10,3,'tar',90,0.84,5.00),
	(2007,10,4,'pom',40,0.68,0.00),
	(2007,10,5,'ceb',50,0.62,15.00),
	(2007,10,6,'kiw',90,2.06,10.00),
	(2007,11,1,'car',60,0.49,15.00),
	(2007,11,2,'mel',90,0.63,5.00),
	(2007,11,3,'tom',60,1.65,10.00),
	(2007,11,4,'pom',60,0.70,0.00),
	(2007,11,5,'caq',90,1.00,5.00),
	(2007,11,6,'tom',60,1.52,0.00),
	(2007,11,7,'mel',80,0.76,15.00),
	(2007,11,8,'kiw',50,1.96,0.00),
	(2007,12,1,'ceb',10,0.42,5.00),
	(2007,12,2,'pom',30,1.28,5.00),
	(2007,12,3,'tar',30,1.01,0.00),
	(2007,12,4,'ceb',70,0.48,15.00),
	(2007,12,5,'mel',100,0.46,10.00),
	(2007,12,6,'mea',70,0.66,10.00),
	(2007,12,7,'kiw',70,1.29,0.00),
	(2007,12,8,'tar',70,1.32,0.00),
	(2007,12,9,'mea',20,0.68,0.00),
	(2007,12,10,'per',20,0.77,0.00),
	(2007,13,1,'mea',60,0.57,0.00),
	(2007,13,2,'tar',90,1.25,0.00),
	(2007,13,3,'ceb',40,0.77,10.00),
	(2007,13,4,'mel',50,0.72,0.00),
	(2007,13,5,'ceb',80,0.45,0.00),
	(2007,13,6,'tar',50,0.72,0.00),
	(2007,13,7,'tom',40,1.55,15.00),
	(2007,13,8,'mea',40,0.86,15.00),
	(2007,14,1,'mea',10,0.87,5.00),
	(2007,14,2,'mel',10,0.52,0.00),
	(2007,14,3,'per',100,0.58,10.00),
	(2007,14,4,'tar',100,1.34,5.00),
	(2007,14,5,'pom',10,0.77,5.00),
	(2007,15,1,'caq',50,0.78,5.00),
	(2007,15,2,'car',40,0.44,10.00),
	(2007,15,3,'pom',90,0.77,5.00),
	(2007,15,4,'per',70,1.01,10.00),
	(2007,15,5,'per',50,1.04,5.00),
	(2007,15,6,'car',70,0.30,5.00),
	(2007,16,1,'tom',70,1.95,0.00),
	(2007,16,2,'kiw',10,1.36,10.00),
	(2007,16,3,'ceb',70,0.62,10.00),
	(2007,16,4,'car',40,0.31,10.00),
	(2007,17,1,'mel',70,0.78,0.00),
	(2007,17,2,'kiw',10,1.47,5.00),
	(2007,17,3,'mea',30,0.81,15.00),
	(2007,17,4,'tar',100,1.34,0.00),
	(2007,17,5,'car',70,0.50,0.00),
	(2008,1,1,'kiw',100,2.00,0.00),
	(2008,1,2,'pom',20,0.88,0.00),
	(2008,1,3,'tom',90,1.09,5.00),
	(2008,1,4,'tom',50,1.42,0.00),
	(2008,1,5,'tom',90,1.88,15.00),
	(2008,1,6,'car',100,0.34,10.00),
	(2008,1,7,'kiw',100,1.68,0.00),
	(2008,1,8,'tar',60,0.91,0.00),
	(2008,1,9,'ceb',80,0.61,5.00),
	(2008,2,1,'per',90,0.92,15.00),
	(2008,2,2,'mea',30,0.84,5.00),
	(2008,2,3,'mel',30,0.57,10.00),
	(2008,3,1,'pom',50,1.19,10.00),
	(2008,3,2,'car',80,0.51,15.00),
	(2008,3,3,'per',30,0.67,15.00),
	(2008,3,4,'ceb',10,0.55,0.00),
	(2008,3,5,'per',40,0.70,5.00),
	(2008,4,1,'car',100,0.39,5.00),
	(2008,4,2,'caq',90,1.48,0.00),
	(2008,4,3,'caq',10,1.18,0.00),
	(2008,4,4,'tom',80,1.88,0.00),
	(2008,5,1,'pom',50,0.66,10.00),
	(2008,5,2,'caq',80,1.32,0.00),
	(2008,5,3,'tom',60,1.72,5.00),
	(2008,5,4,'kiw',20,1.44,5.00),
	(2008,5,5,'car',100,0.48,0.00),
	(2008,5,6,'tar',20,1.18,10.00),
	(2008,5,7,'car',50,0.51,15.00),
	(2008,5,8,'mel',20,0.74,5.00),
	(2008,5,9,'per',10,0.79,5.00),
	(2008,5,10,'car',40,0.36,5.00),
	(2008,6,1,'ceb',60,0.55,0.00),
	(2008,6,2,'mea',60,0.78,0.00),
	(2008,6,3,'caq',20,1.02,5.00),
	(2008,6,4,'mel',40,0.80,15.00),
	(2008,6,5,'pom',90,1.10,10.00),
	(2008,6,6,'caq',10,0.85,0.00),
	(2008,6,7,'kiw',10,1.75,10.00),
	(2008,6,8,'car',30,0.53,0.00),
	(2008,6,9,'mea',10,0.81,15.00),
	(2008,7,1,'per',80,0.65,5.00),
	(2008,7,2,'kiw',60,1.40,5.00),
	(2008,7,3,'mel',20,0.54,0.00),
	(2008,7,4,'ceb',90,0.77,10.00),
	(2008,7,5,'mea',60,0.57,10.00),
	(2008,8,1,'ceb',30,0.71,0.00),
	(2008,8,2,'ceb',80,0.57,15.00),
	(2008,8,3,'mel',70,0.87,15.00),
	(2008,8,4,'mel',30,0.52,15.00),
	(2008,8,5,'kiw',60,1.16,15.00),
	(2008,8,6,'mea',10,0.46,5.00),
	(2008,9,1,'car',30,0.46,10.00),
	(2008,9,2,'mea',20,0.81,10.00),
	(2008,10,1,'pom',50,0.92,0.00),
	(2008,10,2,'per',50,0.68,0.00),
	(2008,10,3,'per',70,0.63,0.00),
	(2008,10,4,'mel',60,0.48,5.00),
	(2008,10,5,'kiw',10,1.86,10.00),
	(2008,10,6,'tar',60,1.25,5.00),
	(2008,11,1,'mel',30,0.84,10.00),
	(2008,11,2,'per',10,0.54,0.00),
	(2008,11,3,'kiw',100,1.40,15.00),
	(2008,12,1,'kiw',90,1.78,0.00),
	(2008,12,2,'caq',50,0.88,5.00),
	(2008,12,3,'car',80,0.47,10.00),
	(2008,12,4,'mea',100,0.57,10.00),
	(2008,12,5,'mel',50,0.48,5.00),
	(2008,12,6,'car',40,0.43,5.00),
	(2008,12,7,'tar',60,1.25,0.00),
	(2008,12,8,'ceb',90,0.75,5.00),
	(2008,12,9,'per',90,0.81,15.00),
	(2008,13,1,'tar',50,0.94,10.00),
	(2008,13,2,'per',60,0.92,5.00),
	(2008,13,3,'tom',50,1.62,0.00),
	(2008,13,4,'per',60,0.58,0.00),
	(2008,13,5,'tom',10,1.39,15.00),
	(2008,13,6,'car',100,0.49,5.00),
	(2008,13,7,'tar',60,1.27,15.00),
	(2008,13,8,'per',20,0.83,0.00),
	(2008,13,9,'per',30,0.76,10.00),
	(2008,14,1,'caq',30,1.30,5.00),
	(2008,14,2,'mel',80,0.60,0.00),
	(2008,14,3,'per',50,0.79,10.00),
	(2008,14,4,'tar',90,0.91,0.00),
	(2008,14,5,'caq',40,0.75,10.00),
	(2008,14,6,'mel',50,0.51,5.00),
	(2008,14,7,'kiw',80,1.82,5.00),
	(2008,14,8,'tom',70,1.25,0.00),
	(2008,14,9,'car',20,0.32,15.00),
	(2008,14,10,'ceb',60,0.43,5.00),
	(2008,15,1,'kiw',70,1.23,15.00),
	(2008,15,2,'per',70,0.77,10.00),
	(2009,1,1,'pom',80,1.08,5.00),
	(2009,1,2,'car',90,0.38,5.00),
	(2009,1,3,'caq',50,0.82,0.00),
	(2009,2,1,'caq',80,0.85,10.00),
	(2009,2,2,'tom',10,1.78,5.00),
	(2009,2,3,'mea',100,0.74,15.00),
	(2009,2,4,'car',30,0.50,15.00),
	(2009,2,5,'mel',100,0.62,0.00),
	(2009,2,6,'per',90,0.70,0.00),
	(2009,2,7,'caq',100,1.02,10.00),
	(2009,2,8,'mel',80,0.88,15.00),
	(2009,2,9,'caq',30,1.38,15.00),
	(2009,3,1,'per',40,0.63,15.00),
	(2009,3,2,'kiw',30,1.47,0.00),
	(2009,3,3,'caq',10,1.18,15.00),
	(2009,3,4,'tom',30,1.58,0.00),
	(2009,3,5,'car',90,0.34,5.00),
	(2009,4,1,'caq',30,1.02,10.00),
	(2009,4,2,'pom',80,1.30,0.00),
	(2009,4,3,'mea',80,0.46,0.00),
	(2009,4,4,'kiw',50,1.40,10.00),
	(2009,4,5,'tom',20,1.58,15.00),
	(2009,4,6,'mel',50,0.48,15.00),
	(2009,4,7,'mea',40,0.64,15.00),
	(2009,4,8,'kiw',50,2.06,5.00),
	(2009,4,9,'per',60,0.86,5.00),
	(2009,4,10,'mel',60,0.72,5.00),
	(2010,1,1,'tom',90,1.32,5.00),
	(2010,1,2,'per',80,0.86,10.00),
	(2010,1,3,'mea',20,0.50,5.00),
	(2010,1,4,'tar',30,1.20,5.00),
	(2010,1,5,'per',40,0.59,5.00),
	(2010,1,6,'pom',40,1.01,10.00),
	(2010,2,1,'ceb',100,0.66,5.00),
	(2010,3,1,'pom',20,0.66,0.00),
	(2010,4,1,'mea',60,0.74,10.00),
	(2010,4,2,'kiw',40,1.16,15.00),
	(2010,4,3,'caq',30,1.25,0.00),
	(2010,4,4,'pom',20,0.73,10.00),
	(2010,4,5,'pom',100,0.95,5.00),
	(2010,5,1,'car',80,0.31,10.00),
	(2010,5,2,'tar',90,1.27,0.00),
	(2010,5,3,'caq',50,1.15,10.00),
	(2010,5,4,'tar',50,0.96,10.00),
	(2010,5,5,'tom',90,1.15,15.00),
	(2010,5,6,'tar',20,1.27,10.00),
	(2010,5,7,'mel',50,0.60,15.00),
	(2010,5,8,'per',80,0.79,15.00),
	(2010,5,9,'mel',20,0.60,15.00),
	(2010,5,10,'tar',90,1.03,15.00),
	(2010,6,1,'tar',40,1.03,0.00),
	(2010,6,2,'caq',90,1.20,10.00),
	(2010,6,3,'caq',60,1.30,15.00),
	(2010,7,1,'ceb',20,0.51,0.00),
	(2010,7,2,'tar',20,1.08,0.00),
	(2010,7,3,'mea',30,0.76,15.00),
	(2010,7,4,'ceb',20,0.77,10.00),
	(2010,7,5,'caq',10,1.30,15.00),
	(2010,7,6,'mea',50,0.80,5.00),
	(2010,7,7,'car',20,0.44,5.00),
	(2010,7,8,'kiw',30,2.06,10.00),
	(2010,7,9,'per',50,1.01,0.00),
	(2010,7,10,'car',50,0.35,15.00),
	(2010,8,1,'tar',80,1.42,15.00),
	(2010,9,1,'ceb',100,0.52,5.00),
	(2010,9,2,'mea',80,0.50,5.00),
	(2010,9,3,'tar',40,1.13,10.00),
	(2010,9,4,'car',70,0.40,0.00),
	(2010,9,5,'kiw',90,1.89,0.00),
	(2010,9,6,'tom',50,1.45,10.00),
	(2010,10,1,'per',10,0.74,15.00),
	(2010,10,2,'car',50,0.49,15.00),
	(2010,10,3,'car',20,0.52,10.00),
	(2010,10,4,'ceb',30,0.47,15.00),
	(2010,10,5,'ceb',40,0.48,10.00),
	(2010,10,6,'mel',50,0.70,15.00),
	(2010,10,7,'tar',30,0.84,0.00),
	(2010,10,8,'car',20,0.31,5.00),
	(2010,11,1,'mea',80,0.84,0.00),
	(2010,11,2,'mea',80,0.50,5.00),
	(2010,11,3,'mea',60,0.46,0.00),
	(2010,11,4,'kiw',90,1.86,0.00),
	(2010,11,5,'per',80,0.99,10.00),
	(2010,11,6,'per',100,1.03,15.00),
	(2010,11,7,'tom',80,1.95,0.00),
	(2010,11,8,'kiw',80,1.19,5.00),
	(2010,11,9,'pom',30,1.19,15.00),
	(2010,12,1,'tar',100,1.03,0.00),
	(2010,12,2,'per',20,0.76,5.00),
	(2010,12,3,'caq',30,1.23,15.00),
	(2010,12,4,'tar',30,1.42,15.00),
	(2010,12,5,'tar',100,1.37,10.00),
	(2010,12,6,'tom',60,1.72,0.00),
	(2010,12,7,'mel',80,0.86,10.00),
	(2010,13,1,'per',30,0.88,5.00),
	(2010,13,2,'caq',20,1.27,0.00),
	(2011,1,1,'mel',70,0.62,10.00),
	(2011,1,2,'tom',10,1.25,15.00),
	(2011,1,3,'mel',70,0.58,15.00),
	(2011,1,4,'tom',40,1.65,0.00),
	(2011,1,5,'tar',30,1.03,0.00),
	(2011,1,6,'ceb',60,0.45,5.00),
	(2011,1,7,'kiw',60,1.72,15.00),
	(2011,1,8,'mea',20,0.75,15.00),
	(2011,1,9,'pom',80,0.92,15.00),
	(2011,2,1,'mea',10,0.72,0.00),
	(2011,2,2,'tom',60,1.55,15.00),
	(2011,2,3,'tom',20,1.15,10.00),
	(2011,2,4,'car',20,0.28,10.00),
	(2011,2,5,'per',50,0.97,0.00),
	(2011,2,6,'ceb',20,0.71,10.00),
	(2011,2,7,'tar',90,1.27,15.00),
	(2011,2,8,'car',20,0.38,10.00),
	(2011,2,9,'mel',20,0.80,15.00),
	(2011,3,1,'kiw',30,1.96,0.00),
	(2011,3,2,'ceb',10,0.60,0.00),
	(2011,3,3,'mel',90,0.51,15.00),
	(2011,3,4,'per',50,0.56,0.00),
	(2011,3,5,'mea',70,0.81,15.00),
	(2011,3,6,'pom',50,1.23,5.00),
	(2011,4,1,'caq',30,0.90,5.00),
	(2011,4,2,'car',100,0.37,5.00),
	(2011,4,3,'car',10,0.35,10.00),
	(2011,4,4,'tar',70,1.01,15.00),
	(2011,4,5,'tar',60,0.77,5.00),
	(2011,4,6,'tom',70,1.19,0.00),
	(2011,4,7,'mel',40,0.84,5.00),
	(2011,5,1,'tom',40,1.78,0.00),
	(2011,5,2,'mea',40,0.72,15.00),
	(2011,6,1,'pom',50,1.01,10.00),
	(2011,6,2,'caq',100,1.10,0.00),
	(2011,6,3,'per',50,0.94,15.00),
	(2011,6,4,'tar',100,0.96,5.00),
	(2011,6,5,'mel',90,0.64,15.00),
	(2011,6,6,'caq',40,0.92,0.00),
	(2011,6,7,'ceb',40,0.74,0.00),
	(2011,7,1,'tar',70,0.79,5.00),
	(2011,7,2,'ceb',20,0.62,5.00),
	(2011,7,3,'tar',10,1.39,0.00),
	(2011,7,4,'caq',50,1.38,15.00),
	(2011,7,5,'ceb',50,0.53,10.00),
	(2011,7,6,'mea',80,0.64,5.00),
	(2011,7,7,'mea',10,0.46,5.00),
	(2011,7,8,'kiw',10,2.00,0.00),
	(2011,7,9,'caq',10,1.10,0.00),
	(2011,7,10,'kiw',70,1.44,0.00),
	(2011,8,1,'caq',60,0.78,0.00),
	(2011,8,2,'kiw',50,1.68,10.00),
	(2011,8,3,'mea',20,0.86,5.00),
	(2011,8,4,'ceb',30,0.66,10.00),
	(2011,8,5,'mea',30,0.84,10.00),
	(2011,9,1,'car',10,0.36,5.00),
	(2011,9,2,'ceb',40,0.42,15.00),
	(2011,9,3,'per',20,0.68,15.00),
	(2011,9,4,'per',60,0.63,0.00),
	(2011,9,5,'tom',40,1.06,15.00),
	(2011,9,6,'tar',50,1.34,0.00),
	(2011,9,7,'car',20,0.32,0.00),
	(2011,10,1,'tar',30,1.15,10.00),
	(2011,10,2,'car',90,0.32,15.00),
	(2011,10,3,'mea',90,0.54,15.00),
	(2011,10,4,'mel',50,0.66,0.00),
	(2011,10,5,'pom',30,1.17,5.00),
	(2011,10,6,'tar',70,1.06,0.00),
	(2011,10,7,'kiw',50,2.06,15.00),
	(2011,11,1,'per',80,0.56,5.00),
	(2011,11,2,'car',40,0.28,10.00),
	(2011,12,1,'per',50,0.90,10.00),
	(2011,12,2,'pom',100,1.19,10.00),
	(2011,12,3,'mea',70,0.46,0.00),
	(2011,12,4,'tom',100,1.78,15.00),
	(2011,12,5,'tom',80,1.81,0.00),
	(2011,12,6,'kiw',60,2.00,10.00),
	(2011,12,7,'mel',50,0.87,0.00),
	(2011,12,8,'car',30,0.53,15.00),
	(2011,12,9,'kiw',10,1.19,15.00),
	(2012,1,1,'ceb',80,0.60,5.00),
	(2012,1,2,'mea',20,0.48,5.00),
	(2012,1,3,'mel',90,0.51,15.00),
	(2012,1,4,'kiw',80,1.57,5.00),
	(2012,1,5,'car',80,0.31,10.00),
	(2012,1,6,'tar',30,0.94,5.00),
	(2012,1,7,'car',100,0.28,0.00),
	(2012,1,8,'mel',20,0.60,15.00),
	(2012,1,9,'kiw',70,1.64,10.00),
	(2012,1,10,'mea',20,0.78,5.00),
	(2012,2,1,'ceb',90,0.73,15.00),
	(2012,2,2,'tom',70,1.68,0.00),
	(2012,2,3,'mel',80,0.82,15.00),
	(2012,2,4,'pom',10,0.70,10.00),
	(2012,2,5,'ceb',70,0.75,15.00),
	(2012,2,6,'car',90,0.40,0.00),
	(2012,2,7,'car',50,0.44,5.00),
	(2013,1,1,'tom',80,1.25,10.00),
	(2013,2,1,'car',100,0.46,5.00),
	(2013,2,2,'mel',80,0.72,5.00),
	(2013,2,3,'per',30,1.06,5.00),
	(2013,2,4,'per',40,1.06,5.00),
	(2013,2,5,'tar',90,1.37,5.00),
	(2013,2,6,'car',20,0.47,15.00),
	(2013,2,7,'mel',10,0.88,10.00),
	(2013,2,8,'ceb',40,0.65,10.00),
	(2013,2,9,'pom',90,0.95,15.00),
	(2013,3,1,'caq',20,1.27,0.00),
	(2013,3,2,'car',30,0.49,5.00),
	(2013,3,3,'kiw',40,1.92,15.00),
	(2013,3,4,'pom',50,1.21,5.00),
	(2013,3,5,'ceb',40,0.64,0.00),
	(2013,3,6,'mea',70,0.80,10.00),
	(2013,3,7,'mel',20,0.86,10.00),
	(2013,4,1,'caq',70,0.90,0.00),
	(2013,4,2,'tom',20,1.75,10.00),
	(2013,4,3,'tom',90,1.19,15.00),
	(2013,4,4,'pom',20,1.12,15.00),
	(2013,4,5,'ceb',50,0.74,10.00),
	(2013,4,6,'mea',20,0.62,5.00),
	(2013,5,1,'kiw',40,1.16,15.00),
	(2013,5,2,'tom',90,1.88,5.00),
	(2013,6,1,'caq',50,0.82,10.00),
	(2013,6,2,'tar',40,1.18,15.00),
	(2013,6,3,'tar',50,1.37,10.00),
	(2013,6,4,'mel',50,0.70,5.00),
	(2013,6,5,'car',20,0.33,5.00),
	(2013,6,6,'tom',30,1.45,0.00),
	(2013,6,7,'ceb',30,0.65,10.00),
	(2013,6,8,'mea',80,0.86,15.00),
	(2013,7,1,'tar',70,0.89,5.00),
	(2013,7,2,'ceb',80,0.44,15.00),
	(2013,7,3,'pom',80,1.25,5.00),
	(2013,7,4,'caq',50,0.82,5.00),
	(2013,7,5,'car',50,0.49,10.00),
	(2013,7,6,'car',10,0.48,5.00),
	(2013,7,7,'mel',100,0.66,15.00),
	(2013,7,8,'tom',80,1.06,0.00),
	(2013,7,9,'tar',20,1.39,10.00),
	(2013,8,1,'pom',20,0.97,0.00),
	(2013,8,2,'per',20,0.74,0.00),
	(2013,8,3,'per',40,0.81,5.00),
	(2013,8,4,'car',20,0.41,15.00),
	(2013,8,5,'mea',60,0.51,5.00),
	(2013,8,6,'tom',20,1.06,15.00),
	(2013,8,7,'per',10,0.54,5.00),
	(2013,8,8,'kiw',20,1.86,0.00),
	(2013,8,9,'mea',30,0.84,15.00),
	(2013,8,10,'kiw',80,1.86,10.00),
	(2013,9,1,'pom',90,0.95,5.00),
	(2013,9,2,'per',10,0.76,15.00),
	(2013,9,3,'pom',80,1.12,10.00),
	(2013,9,4,'kiw',30,1.44,5.00),
	(2013,9,5,'car',80,0.48,10.00),
	(2013,9,6,'pom',30,1.14,5.00),
	(2013,9,7,'caq',10,0.98,5.00),
	(2013,9,8,'caq',100,1.05,15.00),
	(2013,9,9,'per',20,0.59,0.00),
	(2013,10,1,'pom',100,0.77,15.00),
	(2013,10,2,'tar',10,0.89,0.00),
	(2013,11,1,'mea',60,0.75,15.00),
	(2013,11,2,'kiw',100,1.50,10.00),
	(2013,11,3,'per',70,0.63,5.00),
	(2013,11,4,'car',40,0.44,5.00),
	(2013,12,1,'tom',100,1.35,10.00),
	(2013,12,2,'pom',70,1.03,10.00),
	(2013,12,3,'pom',10,1.12,15.00),
	(2013,12,4,'mea',10,0.84,15.00),
	(2013,12,5,'tar',60,0.89,5.00),
	(2013,12,6,'tar',100,1.18,15.00),
	(2013,12,7,'tar',90,1.03,15.00),
	(2014,1,1,'car',100,0.53,0.00),
	(2014,1,2,'mea',90,0.69,10.00),
	(2014,1,3,'tar',40,1.25,10.00),
	(2014,1,4,'per',50,0.58,5.00),
	(2014,1,5,'per',30,0.61,0.00),
	(2014,1,6,'pom',60,1.03,0.00),
	(2014,1,7,'mea',30,0.63,5.00),
	(2014,2,1,'mea',70,0.57,10.00),
	(2014,2,2,'mel',10,0.54,15.00),
	(2014,2,3,'ceb',70,0.48,15.00),
	(2014,2,4,'tar',80,1.15,5.00),
	(2014,2,5,'tom',10,1.25,10.00),
	(2014,2,6,'tom',10,1.58,5.00),
	(2014,2,7,'ceb',10,0.47,5.00),
	(2014,2,8,'kiw',80,1.33,0.00),
	(2014,3,1,'tar',90,0.86,0.00),
	(2014,3,2,'tar',80,0.98,10.00),
	(2014,3,3,'pom',20,0.81,10.00),
	(2014,3,4,'tar',90,0.79,10.00),
	(2014,3,5,'ceb',100,0.70,15.00),
	(2014,3,6,'pom',30,1.17,5.00),
	(2014,3,7,'car',60,0.40,0.00),
	(2014,4,1,'mel',80,0.51,15.00),
	(2014,4,2,'pom',10,0.86,5.00),
	(2014,4,3,'pom',100,0.73,10.00),
	(2014,4,4,'ceb',50,0.64,5.00),
	(2014,4,5,'kiw',10,1.96,5.00),
	(2014,4,6,'ceb',30,0.57,15.00),
	(2014,4,7,'kiw',40,1.86,0.00),
	(2014,4,8,'per',30,0.77,5.00),
	(2014,4,9,'caq',10,1.38,15.00),
	(2014,5,1,'ceb',50,0.61,10.00),
	(2014,5,2,'mea',90,0.81,5.00),
	(2014,5,3,'caq',60,1.02,10.00),
	(2014,5,4,'tar',20,1.03,10.00),
	(2014,5,5,'tom',40,1.12,10.00),
	(2014,5,6,'mel',40,0.63,10.00),
	(2014,5,7,'tom',60,1.55,10.00),
	(2014,5,8,'tom',30,1.62,5.00),
	(2014,5,9,'car',20,0.40,5.00),
	(2014,6,1,'car',90,0.31,15.00),
	(2014,6,2,'car',90,0.30,10.00),
	(2014,6,3,'mel',100,0.87,0.00),
	(2014,6,4,'kiw',10,1.47,10.00),
	(2014,7,1,'pom',30,1.28,5.00),
	(2014,7,2,'mel',70,0.81,5.00),
	(2014,7,3,'caq',50,0.92,5.00),
	(2014,7,4,'tar',60,1.32,0.00),
	(2014,7,5,'pom',90,0.95,15.00),
	(2014,7,6,'tom',60,1.68,0.00),
	(2014,8,1,'caq',30,0.88,0.00),
	(2014,8,2,'per',90,0.92,15.00),
	(2014,8,3,'per',10,1.06,10.00),
	(2014,8,4,'tar',70,1.30,0.00),
	(2014,8,5,'tom',100,1.06,0.00),
	(2014,8,6,'mel',40,0.45,15.00),
	(2014,8,7,'kiw',90,1.92,5.00),
	(2014,9,1,'tom',70,1.25,15.00),
	(2014,9,2,'tom',80,1.22,15.00),
	(2014,9,3,'mea',90,0.63,15.00),
	(2014,9,4,'tom',70,1.19,0.00),
	(2014,9,5,'car',50,0.52,0.00),
	(2014,9,6,'car',60,0.29,15.00),
	(2014,9,7,'caq',20,1.20,15.00),
	(2014,9,8,'kiw',20,1.89,0.00),
	(2014,10,1,'tom',30,1.65,10.00),
	(2014,11,1,'per',30,1.04,5.00),
	(2014,12,1,'mea',20,0.52,15.00),
	(2014,12,2,'mea',70,0.54,5.00),
	(2014,12,3,'mea',100,0.48,10.00),
	(2014,12,4,'tom',80,1.68,10.00),
	(2014,12,5,'mea',20,0.58,5.00),
	(2014,12,6,'mel',80,0.66,10.00),
	(2014,12,7,'mea',30,0.63,5.00),
	(2014,12,8,'tom',90,1.62,10.00),
	(2014,12,9,'pom',90,1.30,10.00),
	(2014,12,10,'mel',20,0.60,15.00),
	(2015,1,1,'kiw',100,1.19,0.00),
	(2015,1,2,'pom',100,1.14,15.00),
	(2015,1,3,'ceb',90,0.47,5.00),
	(2015,1,4,'mea',60,0.81,15.00),
	(2015,2,1,'mel',80,0.75,0.00),
	(2015,2,2,'ceb',10,0.43,5.00),
	(2015,2,3,'per',90,0.86,5.00),
	(2015,3,1,'tar',90,1.15,5.00),
	(2015,4,1,'caq',40,1.12,10.00),
	(2015,4,2,'tar',60,1.42,15.00),
	(2015,4,3,'per',80,0.72,0.00),
	(2015,4,4,'tar',100,1.30,10.00),
	(2015,4,5,'car',60,0.27,0.00),
	(2015,4,6,'tar',100,1.13,10.00),
	(2015,4,7,'mea',50,0.86,10.00),
	(2015,4,8,'pom',60,1.17,5.00),
	(2015,5,1,'mel',70,0.72,5.00),
	(2015,5,2,'car',60,0.30,15.00),
	(2015,5,3,'tar',40,1.27,10.00),
	(2015,5,4,'pom',60,1.01,10.00),
	(2015,5,5,'car',20,0.36,10.00),
	(2015,6,1,'tar',80,1.15,0.00),
	(2015,6,2,'car',10,0.43,0.00),
	(2015,6,3,'mea',100,0.51,0.00),
	(2015,6,4,'tom',100,1.88,0.00),
	(2015,6,5,'mel',10,0.48,10.00),
	(2015,7,1,'mea',90,0.76,5.00),
	(2015,7,2,'mea',10,0.76,15.00),
	(2015,8,1,'per',40,0.61,15.00),
	(2015,8,2,'caq',100,1.00,5.00),
	(2015,8,3,'kiw',80,1.47,15.00),
	(2015,8,4,'car',70,0.53,15.00),
	(2015,9,1,'tom',30,1.91,5.00),
	(2015,9,2,'tom',100,1.85,0.00),
	(2015,10,1,'pom',30,0.99,10.00),
	(2015,10,2,'mel',50,0.60,10.00),
	(2015,10,3,'mea',50,0.54,10.00),
	(2015,10,4,'per',100,1.06,5.00),
	(2015,10,5,'kiw',60,1.40,15.00),
	(2015,10,6,'mea',100,0.76,5.00),
	(2016,1,1,'tar',100,1.03,10.00),
	(2016,2,1,'tar',90,1.34,15.00),
	(2016,2,2,'ceb',50,0.70,15.00),
	(2016,2,3,'ceb',10,0.58,15.00),
	(2016,2,4,'caq',100,0.78,0.00),
	(2016,2,5,'ceb',10,0.68,15.00),
	(2016,3,1,'caq',40,0.98,15.00),
	(2016,3,2,'kiw',40,1.61,5.00),
	(2016,3,3,'tom',90,1.68,5.00),
	(2016,3,4,'kiw',10,2.03,10.00),
	(2016,3,5,'per',60,0.86,10.00),
	(2016,3,6,'kiw',30,1.33,5.00),
	(2016,3,7,'pom',80,0.99,15.00),
	(2016,4,1,'caq',50,1.15,0.00),
	(2016,4,2,'mea',40,0.56,10.00),
	(2016,4,3,'caq',50,1.07,15.00),
	(2016,4,4,'tom',70,1.48,10.00),
	(2016,4,5,'tom',80,1.29,0.00),
	(2016,4,6,'mea',30,0.86,15.00),
	(2016,4,7,'tar',30,1.20,10.00),
	(2016,4,8,'mea',60,0.72,5.00),
	(2016,4,9,'kiw',90,1.05,10.00),
	(2016,4,10,'mel',50,0.70,10.00),
	(2016,5,1,'tom',10,1.22,10.00),
	(2016,5,2,'pom',80,0.86,15.00),
	(2016,5,3,'per',10,1.03,5.00),
	(2016,5,4,'tar',60,1.08,5.00),
	(2016,6,1,'car',10,0.41,10.00),
	(2016,7,1,'kiw',40,1.75,0.00),
	(2016,7,2,'ceb',30,0.77,15.00),
	(2016,7,3,'pom',30,1.17,0.00),
	(2016,7,4,'caq',100,1.48,10.00),
	(2016,7,5,'tar',70,1.15,15.00),
	(2016,7,6,'per',80,0.56,10.00),
	(2016,7,7,'pom',20,0.95,15.00),
	(2016,7,8,'car',90,0.31,15.00),
	(2016,7,9,'tar',40,1.01,0.00),
	(2016,8,1,'ceb',80,0.71,0.00),
	(2016,8,2,'car',40,0.29,15.00),
	(2016,8,3,'mea',50,0.86,10.00),
	(2016,8,4,'ceb',60,0.47,10.00),
	(2016,8,5,'kiw',50,1.47,10.00),
	(2016,8,6,'per',30,0.79,0.00),
	(2016,8,7,'per',80,0.56,0.00),
	(2016,9,1,'caq',60,1.18,10.00),
	(2016,10,1,'kiw',70,1.61,5.00),
	(2016,10,2,'per',100,0.56,0.00),
	(2016,10,3,'tar',80,0.98,0.00),
	(2016,10,4,'pom',100,1.17,15.00),
	(2016,10,5,'per',20,0.94,10.00),
	(2016,10,6,'mea',60,0.63,0.00),
	(2016,10,7,'mea',80,0.82,10.00),
	(2016,10,8,'caq',40,0.75,0.00),
	(2016,10,9,'pom',40,0.97,5.00),
	(2016,10,10,'per',80,1.04,10.00),
	(2016,11,1,'ceb',10,0.71,10.00),
	(2016,11,2,'tom',70,1.09,5.00),
	(2016,11,3,'per',40,0.54,5.00),
	(2016,11,4,'mel',100,0.78,0.00),
	(2016,11,5,'per',100,0.88,5.00),
	(2016,12,1,'tom',90,1.06,10.00),
	(2016,12,2,'kiw',80,1.78,10.00),
	(2016,12,3,'mel',60,0.63,0.00),
	(2016,13,1,'ceb',70,0.58,10.00),
	(2016,13,2,'tar',60,1.39,15.00),
	(2016,13,3,'kiw',10,1.19,10.00),
	(2016,13,4,'mel',30,0.87,5.00),
	(2016,13,5,'kiw',70,1.40,5.00),
	(2016,13,6,'tar',20,1.27,0.00),
	(2016,13,7,'tar',50,1.42,0.00),
	(2016,14,1,'tar',30,0.94,0.00),
	(2016,14,2,'kiw',60,1.26,10.00),
	(2016,15,1,'kiw',60,1.57,5.00),
	(2016,15,2,'caq',60,1.20,15.00),
	(2016,15,3,'kiw',20,1.54,15.00),
	(2016,16,1,'tar',50,1.30,5.00),
	(2016,16,2,'pom',100,1.17,5.00),
	(2016,16,3,'kiw',100,1.44,15.00),
	(2016,16,4,'caq',90,1.23,15.00),
	(2016,16,5,'pom',70,0.73,5.00),
	(2016,16,6,'tar',20,1.10,0.00),
	(2016,16,7,'tom',20,1.32,15.00),
	(2016,16,8,'tar',90,0.86,5.00),
	(2016,16,9,'tom',40,1.95,10.00),
	(2017,1,1,'ceb',70,0.48,15.00),
	(2017,1,2,'car',60,0.36,5.00),
	(2017,2,1,'car',70,0.53,0.00),
	(2017,2,2,'kiw',70,2.00,5.00),
	(2017,2,3,'car',10,0.47,5.00),
	(2017,3,1,'car',90,0.48,0.00),
	(2017,3,2,'kiw',20,2.03,0.00),
	(2017,3,3,'mel',40,0.62,0.00),
	(2017,3,4,'tar',90,0.74,0.00),
	(2017,3,5,'pom',80,0.70,0.00),
	(2017,3,6,'tar',90,0.94,10.00),
	(2017,4,1,'mel',30,0.88,10.00),
	(2017,4,2,'tar',40,1.42,0.00),
	(2017,5,1,'car',30,0.27,5.00),
	(2017,5,2,'caq',70,0.80,0.00),
	(2017,5,3,'kiw',10,1.40,15.00),
	(2017,5,4,'caq',50,1.10,0.00),
	(2017,5,5,'car',30,0.37,0.00),
	(2017,6,1,'mel',30,0.62,15.00),
	(2017,7,1,'kiw',90,1.57,15.00),
	(2017,7,2,'ceb',100,0.55,5.00),
	(2017,7,3,'caq',80,1.15,10.00),
	(2017,7,4,'caq',10,1.07,5.00),
	(2017,7,5,'ceb',20,0.62,15.00),
	(2017,7,6,'car',60,0.45,5.00),
	(2017,7,7,'pom',30,1.08,15.00),
	(2017,7,8,'kiw',100,1.23,5.00),
	(2017,8,1,'caq',100,1.05,10.00),
	(2017,8,2,'caq',10,1.15,0.00),
	(2017,8,3,'tom',40,1.09,15.00),
	(2017,8,4,'kiw',10,1.92,0.00),
	(2017,8,5,'car',60,0.53,10.00),
	(2017,8,6,'ceb',90,0.51,5.00),
	(2017,8,7,'per',30,0.88,5.00),
	(2017,8,8,'per',100,0.70,0.00),
	(2017,8,9,'pom',100,1.10,0.00),
	(2017,8,10,'per',20,0.83,5.00),
	(2017,9,1,'tom',30,0.99,5.00),
	(2017,9,2,'car',80,0.40,10.00),
	(2017,10,1,'kiw',10,1.16,0.00),
	(2017,10,2,'pom',40,0.75,5.00),
	(2017,10,3,'caq',80,1.05,10.00),
	(2017,10,4,'tar',30,1.18,10.00),
	(2017,11,1,'per',20,1.06,0.00),
	(2017,11,2,'tar',70,1.15,0.00),
	(2017,11,3,'tar',80,0.82,5.00),
	(2017,11,4,'ceb',70,0.75,10.00),
	(2017,11,5,'mel',90,0.57,5.00),
	(2017,12,1,'kiw',100,1.54,0.00),
	(2017,12,2,'pom',60,1.08,5.00),
	(2017,13,1,'caq',10,1.45,5.00),
	(2017,13,2,'caq',80,1.35,5.00),
	(2017,14,1,'ceb',90,0.75,0.00),
	(2017,14,2,'car',50,0.49,15.00),
	(2017,15,1,'pom',30,0.84,5.00),
	(2017,15,2,'tar',10,1.42,0.00),
	(2018,1,1,'caq',100,0.95,5.00),
	(2018,1,2,'mel',60,0.80,5.00),
	(2018,1,3,'per',10,0.56,10.00),
	(2018,1,4,'car',30,0.53,15.00),
	(2018,1,5,'per',50,0.94,0.00),
	(2018,1,6,'caq',40,1.35,0.00),
	(2018,1,7,'tar',60,1.25,10.00),
	(2018,2,1,'mea',20,0.70,5.00),
	(2018,3,1,'mea',50,0.80,15.00),
	(2018,3,2,'pom',30,0.97,10.00),
	(2018,3,3,'car',40,0.29,5.00),
	(2018,3,4,'pom',50,0.68,0.00),
	(2018,4,1,'mea',80,0.84,15.00),
	(2018,4,2,'car',50,0.41,15.00),
	(2018,4,3,'tom',10,0.99,0.00),
	(2018,4,4,'per',40,0.76,15.00),
	(2018,4,5,'ceb',80,0.40,10.00),
	(2018,4,6,'mel',10,0.87,10.00),
	(2018,4,7,'mea',10,0.74,10.00),
	(2018,4,8,'kiw',30,1.47,5.00),
	(2018,4,9,'tom',80,1.15,5.00),
	(2018,5,1,'mea',30,0.72,15.00),
	(2018,5,2,'ceb',70,0.48,0.00),
	(2018,5,3,'mel',80,0.63,0.00),
	(2018,5,4,'pom',40,0.88,10.00),
	(2018,5,5,'car',90,0.38,15.00),
	(2018,5,6,'pom',40,0.70,10.00),
	(2018,5,7,'tar',30,0.79,0.00),
	(2018,6,1,'mea',40,0.75,0.00),
	(2018,6,2,'caq',30,0.88,15.00),
	(2018,6,3,'ceb',50,0.73,10.00),
	(2018,6,4,'car',100,0.52,15.00),
	(2018,6,5,'mea',70,0.51,10.00),
	(2018,6,6,'car',10,0.49,10.00),
	(2018,6,7,'kiw',90,1.82,10.00),
	(2018,6,8,'ceb',70,0.49,5.00),
	(2018,6,9,'tar',20,0.79,5.00),
	(2018,6,10,'ceb',100,0.64,5.00),
	(2018,7,1,'car',30,0.50,0.00),
	(2018,7,2,'per',70,0.70,5.00),
	(2018,8,1,'car',50,0.37,15.00),
	(2018,8,2,'caq',90,0.90,10.00),
	(2018,8,3,'tar',30,1.30,15.00),
	(2018,9,1,'kiw',80,1.47,5.00),
	(2018,9,2,'per',100,0.92,15.00),
	(2018,9,3,'tom',50,1.25,15.00),
	(2018,9,4,'mel',20,0.54,0.00),
	(2018,10,1,'pom',20,0.95,5.00),
	(2018,10,2,'tar',90,1.15,0.00),
	(2018,11,1,'caq',50,1.43,5.00),
	(2018,11,2,'pom',70,0.99,5.00),
	(2018,11,3,'caq',70,0.90,5.00),
	(2018,11,4,'ceb',60,0.61,15.00),
	(2018,11,5,'caq',10,0.95,15.00),
	(2018,11,6,'mel',50,0.74,0.00),
	(2018,11,7,'caq',50,1.00,15.00),
	(2018,11,8,'pom',10,1.21,10.00),
	(2018,11,9,'ceb',60,0.47,0.00),
	(2018,11,10,'kiw',20,1.50,10.00),
	(2018,12,1,'mea',80,0.58,5.00),
	(2018,12,2,'tar',10,0.98,10.00),
	(2018,12,3,'mel',40,0.87,15.00),
	(2018,13,1,'tar',10,1.10,0.00),
	(2018,13,2,'pom',20,0.84,10.00),
	(2018,13,3,'pom',20,1.19,15.00),
	(2018,13,4,'tar',30,0.86,10.00),
	(2018,13,5,'pom',90,1.01,5.00),
	(2018,13,6,'pom',50,0.77,10.00),
	(2019,1,1,'tar',10,0.94,5.00),
	(2019,1,2,'car',70,0.52,5.00),
	(2019,2,1,'kiw',70,1.05,5.00),
	(2019,2,2,'kiw',30,1.64,10.00),
	(2019,2,3,'tar',70,1.27,0.00),
	(2019,2,4,'kiw',20,1.26,0.00),
	(2019,2,5,'tom',80,1.62,0.00),
	(2019,2,6,'ceb',30,0.64,5.00),
	(2019,2,7,'tar',30,0.89,0.00),
	(2019,2,8,'per',50,0.74,15.00),
	(2019,2,9,'caq',30,0.82,10.00),
	(2019,2,10,'mel',90,0.76,0.00),
	(2019,3,1,'tar',30,0.98,0.00),
	(2019,3,2,'mel',100,0.74,15.00),
	(2019,3,3,'tom',80,1.02,10.00),
	(2019,4,1,'tom',70,1.29,10.00),
	(2019,4,2,'tar',30,1.06,10.00),
	(2019,5,1,'tar',60,1.27,5.00),
	(2019,6,1,'caq',60,1.02,10.00),
	(2020,1,1,'mea',100,0.60,15.00),
	(2020,2,1,'mea',10,0.64,0.00),
	(2020,2,2,'ceb',30,0.64,5.00),
	(2020,2,3,'per',90,1.06,15.00),
	(2020,2,4,'per',90,1.03,5.00),
	(2020,3,1,'car',10,0.32,15.00),
	(2020,3,2,'tom',60,1.81,0.00),
	(2020,3,3,'mel',20,0.58,5.00),
	(2020,3,4,'mel',30,0.50,5.00),
	(2020,3,5,'mea',100,0.68,15.00),
	(2020,3,6,'tom',80,1.32,5.00),
	(2020,3,7,'car',80,0.30,10.00),
	(2020,3,8,'mea',50,0.69,15.00),
	(2020,3,9,'pom',100,0.90,5.00),
	(2020,3,10,'tom',50,1.29,5.00),
	(2020,4,1,'tom',90,1.91,15.00),
	(2020,4,2,'car',100,0.31,0.00),
	(2020,5,1,'caq',10,0.82,5.00),
	(2020,5,2,'car',60,0.28,0.00),
	(2020,6,1,'tar',10,0.77,0.00),
	(2020,6,2,'ceb',90,0.73,15.00),
	(2020,7,1,'kiw',60,1.29,15.00),
	(2020,7,2,'kiw',60,1.12,5.00),
	(2020,7,3,'ceb',40,0.65,10.00),
	(2020,7,4,'kiw',60,1.19,0.00),
	(2020,7,5,'ceb',20,0.66,15.00),
	(2020,8,1,'car',90,0.49,5.00),
	(2020,8,2,'per',100,0.70,0.00),
	(2020,8,3,'kiw',100,1.92,10.00),
	(2020,8,4,'per',30,0.70,15.00),
	(2020,8,5,'per',100,0.54,15.00),
	(2020,8,6,'caq',90,0.82,0.00),
	(2020,8,7,'tar',70,1.08,0.00),
	(2020,8,8,'mel',10,0.57,15.00),
	(2020,8,9,'kiw',100,1.92,15.00),
	(2020,8,10,'pom',80,1.01,15.00),
	(2020,9,1,'tar',30,1.25,0.00),
	(2020,9,2,'per',40,0.81,10.00),
	(2020,9,3,'kiw',90,1.33,10.00),
	(2020,10,1,'caq',20,1.10,0.00),
	(2020,10,2,'caq',50,1.00,10.00),
	(2020,10,3,'caq',80,0.92,15.00),
	(2020,10,4,'mel',60,0.52,15.00),
	(2020,10,5,'pom',40,0.75,0.00),
	(2020,10,6,'kiw',100,1.26,10.00),
	(2020,10,7,'mel',20,0.72,0.00),
	(2020,10,8,'kiw',60,1.50,0.00),
	(2020,11,1,'caq',30,1.07,5.00),
	(2020,11,2,'caq',90,0.90,15.00),
	(2020,11,3,'tom',60,1.68,0.00),
	(2020,11,4,'tar',70,1.42,0.00),
	(2020,11,5,'mea',100,0.78,5.00),
	(2020,11,6,'ceb',90,0.70,0.00),
	(2020,11,7,'mel',50,0.82,5.00),
	(2020,12,1,'per',60,0.59,15.00),
	(2020,12,2,'mea',60,0.66,0.00),
	(2020,13,1,'tom',20,1.39,5.00),
	(2020,14,1,'mea',70,0.75,0.00),
	(2020,14,2,'kiw',40,2.00,15.00),
	(2020,14,3,'pom',20,0.68,5.00),
	(2020,14,4,'caq',40,1.07,0.00),
	(2020,14,5,'mea',70,0.48,10.00),
	(2020,14,6,'mea',10,0.46,0.00),
	(2020,14,7,'ceb',10,0.39,15.00),
	(2020,14,8,'kiw',100,2.00,10.00),
	(2020,14,9,'tar',30,1.15,10.00),
	(2020,14,10,'mel',20,0.52,10.00),
	(2020,15,1,'caq',20,1.20,5.00),
	(2020,15,2,'tom',50,1.29,10.00),
	(2020,15,3,'per',100,0.95,10.00),
	(2020,15,4,'car',20,0.52,5.00),
	(2020,15,5,'caq',30,1.07,10.00),
	(2020,15,6,'per',20,0.76,5.00),
	(2020,16,1,'ceb',70,0.75,0.00),
	(2020,16,2,'mel',90,0.80,5.00),
	(2020,16,3,'caq',80,0.88,5.00),
	(2020,16,4,'mea',20,0.66,0.00),
	(2020,16,5,'per',10,0.99,15.00),
	(2020,16,6,'mel',90,0.80,5.00),
	(2020,16,7,'caq',10,1.02,15.00),
	(2020,16,8,'tar',80,1.08,0.00),
	(2020,16,9,'car',60,0.40,5.00),
	(2020,17,1,'caq',90,0.92,15.00),
	(2020,17,2,'car',40,0.30,5.00),
	(2020,17,3,'pom',50,1.21,5.00),
	(2020,17,4,'tom',10,1.81,5.00),
	(2020,17,5,'mea',60,0.76,15.00),
	(2020,17,6,'tom',90,1.09,15.00),
	(2020,18,1,'tar',40,0.86,0.00),
	(2020,18,2,'tom',30,1.35,0.00),
	(2020,18,3,'tom',20,1.22,0.00),
	(2020,18,4,'pom',80,0.70,0.00),
	(2020,18,5,'caq',40,1.25,0.00);
/*!40000 ALTER TABLE `detfac` ENABLE KEYS */;
UNLOCK TABLES;

--
-- Table structure for table `pro`
--



DROP TABLE IF EXISTS `pro`;
/*!40101 SET @saved_cs_client     = @@character_set_client */;
/*!40101 SET character_set_client = utf8 */;
CREATE TABLE `pro` (
  `pro` int(11) NOT NULL DEFAULT '0',
  `dni` char(9) DEFAULT NULL,
  `nom` varchar(30) NOT NULL,
  `pob` int(11) DEFAULT NULL,
  PRIMARY KEY (`pro`),
  KEY `pob` (`pob`),
  CONSTRAINT `pro_ibfk_1` FOREIGN KEY (`pob`) REFERENCES `poblacions` (`pob`) ON UPDATE CASCADE
) ENGINE=InnoDB DEFAULT CHARSET=latin1;
/*!40101 SET character_set_client = @saved_cs_client */;

--
-- Dumping data for table `pro`
--

LOCK TABLES `pro` WRITE;
/*!40000 ALTER TABLE `pro` DISABLE KEYS */;
INSERT INTO `pro` VALUES (1,'851000001','Aitor Menta',46790),(2,'851000002','Anna Conda',46410),(3,'851000003','Elsa Bater',46400),(4,'851000004','Héctor Tuga',46410),(5,'851000005','Jaume Tralleta',46410),(6,'851000006','Joan Talamera',46791),(7,'851000007','Maties Dedia',46700),(8,'851000008','Édgar Gall',46417),(9,'851000009','Inés Table',46430),(10,'851000010','Ivan Apeu',46700),(11,'851000011','Pep Garcia',NULL);
/*!40000 ALTER TABLE `pro` ENABLE KEYS */;
UNLOCK TABLES;

--
-- Table structure for table `proveir`
--

DROP TABLE IF EXISTS `proveir`;
/*!40101 SET @saved_cs_client     = @@character_set_client */;
/*!40101 SET character_set_client = utf8 */;
CREATE TABLE `proveir` (
  `art` char(3) NOT NULL DEFAULT '',
  `pro` int(11) NOT NULL DEFAULT '0',
  `preu` dec(4,2) DEFAULT NULL,
  PRIMARY KEY (`art`,`pro`),
  KEY `pro` (`pro`),
  CONSTRAINT `proveir_ibfk_1` FOREIGN KEY (`art`) REFERENCES `articles` (`art`) ON UPDATE CASCADE,
  CONSTRAINT `proveir_ibfk_2` FOREIGN KEY (`pro`) REFERENCES `pro` (`pro`) ON UPDATE CASCADE
) ENGINE=InnoDB DEFAULT CHARSET=latin1;
/*!40101 SET character_set_client = @saved_cs_client */;

--
-- Dumping data for table `proveir`
--

LOCK TABLES `proveir` WRITE;
/*!40000 ALTER TABLE `proveir` DISABLE KEYS */;
INSERT INTO `proveir` VALUES ('caq',1,1.05),('caq',2,1.41),('caq',3,0.87),('caq',4,0.86),('caq',5,0.96),('caq',6,1.45),('caq',7,1.40),('caq',8,1.14),('caq',9,0.76),('caq',10,1.11),('car',1,0.38),('car',2,0.41),('car',3,0.39),('car',4,0.44),('car',5,0.50),('car',6,0.36),('car',7,0.29),('car',8,0.38),('car',9,0.50),('car',10,0.53),('ceb',1,0.50),('ceb',2,0.59),('ceb',3,0.67),('ceb',4,0.41),('ceb',5,0.43),('ceb',6,0.54),('ceb',7,0.60),('ceb',8,0.63),('ceb',9,0.55),('ceb',10,0.49),('kiw',1,1.14),('kiw',2,1.69),('kiw',3,1.88),('kiw',4,1.21),('kiw',5,1.43),('kiw',6,1.41),('kiw',7,1.72),('kiw',8,1.23),('kiw',9,2.03),('kiw',10,1.20),('mea',1,0.86),('mea',2,0.49),('mea',3,0.80),('mea',4,0.74),('mea',5,0.83),('mea',6,0.57),('mea',7,0.81),('mea',8,0.54),('mea',9,0.72),('mea',10,0.64),('mel',1,0.58),('mel',2,0.54),('mel',3,0.51),('mel',4,0.49),('mel',5,0.45),('mel',6,0.79),('mel',7,0.79),('mel',8,0.71),('mel',9,0.70),('mel',10,0.46),('per',1,0.79),('per',2,0.66),('per',3,0.93),('per',4,1.06),('per',5,0.89),('per',6,0.73),('per',7,0.98),('per',8,0.56),('per',9,0.95),('per',10,0.89),('pom',1,0.66),('pom',2,0.69),('pom',3,0.79),('pom',4,1.22),('pom',5,1.09),('pom',6,1.13),('pom',7,1.06),('pom',8,1.26),('pom',9,1.15),('pom',10,1.29),('tar',1,1.10),('tar',2,1.28),('tar',3,0.94),('tar',4,0.84),('tar',5,1.42),('tar',6,0.96),('tar',7,1.27),('tar',8,1.30),('tar',9,1.24),('tar',10,0.89),('tom',1,1.97),('tom',2,1.23),('tom',3,1.22),('tom',4,1.44),('tom',5,1.57),('tom',6,1.55),('tom',7,1.03),('tom',8,1.51),('tom',9,1.51),('tom',10,1.01),('lli',2,0.50),('lli',4,0.60);

/*!40000 ALTER TABLE `proveir` ENABLE KEYS */;
UNLOCK TABLES;
/*!40103 SET TIME_ZONE=@OLD_TIME_ZONE */;

--
-- Table structure for table `magatzems`
--

DROP TABLE IF EXISTS `magatzems`;
/*!40101 SET @saved_cs_client     = @@character_set_client */;
/*!40101 SET character_set_client = utf8 */;
CREATE TABLE `magatzems` (
  `mag` char(3) NOT NULL DEFAULT '',
  `des` varchar(50) DEFAULT NULL,
  PRIMARY KEY (`mag`)
) ENGINE=InnoDB DEFAULT CHARSET=latin1;
/*!40101 SET character_set_client = @saved_cs_client */;

--
-- Dumping data for table `magatzems`
--

LOCK TABLES `magatzems` WRITE;
/*!40000 ALTER TABLE `magatzems` DISABLE KEYS */;
INSERT INTO `magatzems` VALUES ('M01','Primer'),('M02','Segon'),('M03','Tercer'),('M04','Quart'),('M05','Cinqué'),('M06','Sisé'),('M07','Seté'),('M08','Huité'),('M09','Nové'),('M10','Desé');
/*!40000 ALTER TABLE `magatzems` ENABLE KEYS */;
UNLOCK TABLES;

--
-- Table structure for table `estocs`
--

DROP TABLE IF EXISTS `estocs`;
/*!40101 SET @saved_cs_client     = @@character_set_client */;
/*!40101 SET character_set_client = utf8 */;
CREATE TABLE `estocs` (
  `art` char(3) NOT NULL DEFAULT '',
  `mag` char(3) NOT NULL DEFAULT '',
  `estoc` int(10) DEFAULT NULL,
  `est_min` int(10) DEFAULT NULL,
  `est_max` int(10) DEFAULT NULL,
  PRIMARY KEY (`art`,`mag`),
  KEY `mag` (`mag`),
  CONSTRAINT `estocs_ibfk_1` FOREIGN KEY (`art`) REFERENCES `articles` (`art`) ON UPDATE CASCADE,
  CONSTRAINT `estocs_ibfk_2` FOREIGN KEY (`mag`) REFERENCES `magatzems` (`mag`) ON UPDATE CASCADE
) ENGINE=InnoDB DEFAULT CHARSET=latin1;
/*!40101 SET character_set_client = @saved_cs_client */;

--
-- Dumping data for table `estocs`
--

LOCK TABLES `estocs` WRITE;
/*!40000 ALTER TABLE `estocs` DISABLE KEYS */;
INSERT INTO `estocs` VALUES ('caq','M01',135,100,300),('caq','M02',185,100,300),('caq','M03',124,100,300),('caq','M04',194,100,300),('caq','M05',254,200,500),('caq','M06',187,100,300),('caq','M07',370,300,700),('caq','M08',199,100,300),('caq','M09',210,200,500),('caq','M10',181,100,300),('car','M01',142,100,300),('car','M02',174,100,300),('car','M03',264,200,500),('car','M04',240,200,500),('car','M05',159,100,300),('car','M06',252,200,500),('car','M07',194,100,300),('car','M08',210,200,500),('car','M09',172,100,300),('car','M10',189,100,300),('ceb','M01',129,100,300),('ceb','M02',182,100,300),('ceb','M03',219,200,500),('ceb','M04',161,100,300),('ceb','M05',370,300,700),('ceb','M06',101,100,300),('ceb','M07',152,100,300),('ceb','M08',107,100,300),('ceb','M09',249,200,500),('ceb','M10',222,200,500),('kiw','M01',157,100,300),('kiw','M02',174,100,300),('kiw','M03',191,100,300),('kiw','M04',204,200,500),('kiw','M05',197,100,300),('kiw','M06',180,100,300),('kiw','M07',141,100,300),('kiw','M08',350,300,700),('kiw','M09',180,100,300),('kiw','M10',102,100,300),('mea','M01',100,100,300),('mea','M02',185,100,300),('mea','M03',141,100,300),('mea','M04',197,100,300),('mea','M05',179,100,300),('mea','M06',101,100,300),('mea','M07',172,100,300),('mea','M08',181,100,300),('mea','M09',121,100,300),('mea','M10',252,200,500),('mel','M01',149,100,300),('mel','M02',127,100,300),('mel','M03',320,300,700),('mel','M04',230,200,500),('mel','M05',137,100,300),('mel','M06',155,100,300),('mel','M07',174,100,300),('mel','M08',165,100,300),('mel','M09',195,100,300),('mel','M10',184,100,300),('per','M01',204,200,500),('per','M02',209,200,500),('per','M03',142,100,300),('per','M04',127,100,300),('per','M05',214,200,500),('per','M06',135,100,300),('per','M07',214,200,500),('per','M08',184,100,300),('per','M09',167,100,300),('per','M10',184,100,300),('pom','M01',190,100,300),('pom','M02',262,200,500),('pom','M03',224,200,500),('pom','M04',180,200,500),('pom','M05',189,100,300),('pom','M06',310,100,300),('pom','M07',204,200,500),('pom','M08',252,200,500),('pom','M09',370,300,700),('pom','M10',350,300,700),('tar','M01',152,100,300),('tar','M02',141,100,300),('tar','M03',180,100,300),('tar','M04',159,100,300),('tar','M05',147,100,300),('tar','M06',209,200,500),('tar','M07',95,100,300),('tar','M08',101,100,300),('tar','M09',162,100,300),('tar','M10',174,100,300),('tom','M01',194,100,300),('tom','M02',171,100,300),('tom','M03',199,100,300),('tom','M04',209,200,500),('tom','M05',92,100,300),('tom','M06',184,100,300),('tom','M07',350,300,700),('tom','M08',319,100,300),('tom','M09',222,200,500),('tom','M10',215,100,200);
/*!40000 ALTER TABLE `estocs` ENABLE KEYS */;
UNLOCK TABLES;

